{"cameraMode":{"drawMode":0,"name":"Shaded","section":"Shading Mode"},"sceneLighting":true,"audioPlay":false,"sceneViewState":{"m_AlwaysRefresh":false,"showFog":true,"showSkybox":true,"showFlares":true,"showImageEffects":true,"showParticleSystems":true,"showVisualEffectGraphs":true,"m_FxEnabled":true},"in2DMode":false,"pivot":{"x":-0.20545606315135957,"y":1.0929076671600342,"z":-0.5091959238052368},"rotation":{"x":0.2678675353527069,"y":0.536605179309845,"z":-0.18434372544288636,"w":0.7786775231361389},"size":0.8660253882408142,"orthographic":false}